train,rain_20,ss_20170417_1415-1430_day_20_274,90
train,rain_20,ss_20170417_1415-1430_day_20_299,90
train,rain_20,ss_20170417_1415-1430_day_20_024,90
train,rain_20,ss_20170417_1415-1430_day_20_057,90
train,rain_20,ss_20170417_1415-1430_day_20_271,90
train,rain_20,ss_20170417_1415-1430_day_20_220,90
train,rain_20,ss_20170417_1415-1430_day_20_218,90
train,rain_20,ss_20170417_1415-1430_day_20_205,90
train,rain_20,ss_20170417_1415-1430_day_20_273,90
train,rain_20,ss_20170417_1415-1430_day_20_227,90
train,rain_20,ss_20170417_1415-1430_day_20_201,90
train,rain_20,ss_20170417_1415-1430_day_20_259,90
train,rain_20,ss_20170417_1415-1430_day_20_209,90
train,rain_20,ss_20170417_1415-1430_day_20_214,90
train,rain_20,ss_20170417_1415-1430_day_20_261,90
train,rain_20,ss_20170417_1415-1430_day_20_265,90
train,rain_20,ss_20170417_1415-1430_day_20_264,90
train,rain_20,ss_20170417_1415-1430_day_20_031,90
train,rain_20,ss_20170417_1415-1430_day_20_294,90
train,rain_20,ss_20170417_1415-1430_day_20_055,90
train,rain_20,ss_20170417_1415-1430_day_20_222,90
train,rain_20,ss_20170417_1415-1430_day_20_038,90
train,rain_20,ss_20170417_1415-1430_day_20_087,90
train,rain_20,ss_20170417_1415-1430_day_20_050,90
train,rain_20,ss_20170417_1415-1430_day_20_284,90
train,rain_20,ss_20170417_1415-1430_day_20_248,90
train,rain_20,ss_20170417_1415-1430_day_20_233,90
train,rain_20,ss_20170417_1415-1430_day_20_241,90
train,rain_20,ss_20170417_1415-1430_day_20_240,90
train,rain_20,ss_20170417_1415-1430_day_20_076,90
train,rain_20,ss_20170417_1415-1430_day_20_053,90
train,rain_20,ss_20170417_1415-1430_day_20_276,90
train,rain_20,ss_20170417_1415-1430_day_20_029,90
train,rain_20,ss_20170417_1415-1430_day_20_008,90
train,rain_20,ss_20170417_1415-1430_day_20_285,90
train,rain_20,ss_20170417_1415-1430_day_20_245,90
train,rain_20,ss_20170417_1415-1430_day_20_298,90
train,rain_20,ss_20170417_1415-1430_day_20_083,90
train,rain_20,ss_20170417_1415-1430_day_20_237,90
train,rain_20,ss_20170417_1415-1430_day_20_056,90
train,rain_20,ss_20170417_1415-1430_day_20_090,90
train,rain_20,ss_20170417_1415-1430_day_20_033,90
train,rain_20,ss_20170417_1415-1430_day_20_066,90
train,rain_20,ss_20170417_1415-1430_day_20_014,90
train,rain_20,ss_20170417_1415-1430_day_20_262,90
train,rain_20,ss_20170417_1415-1430_day_20_093,90
train,rain_20,ss_20170417_1415-1430_day_20_072,90
train,rain_20,ss_20170417_1415-1430_day_20_221,90
train,rain_20,ss_20170417_1415-1430_day_20_051,90
train,rain_20,ss_20170417_1415-1430_day_20_272,90
train,rain_20,ss_20170417_1415-1430_day_20_022,90
train,rain_20,ss_20170417_1415-1430_day_20_208,90
train,rain_20,ss_20170417_1415-1430_day_20_204,90
train,rain_20,ss_20170417_1415-1430_day_20_046,90
train,rain_20,ss_20170417_1415-1430_day_20_281,90
train,rain_20,ss_20170417_1415-1430_day_20_059,90
train,rain_20,ss_20170417_1415-1430_day_20_207,90
train,rain_20,ss_20170417_1415-1430_day_20_036,90
train,rain_20,ss_20170417_1415-1430_day_20_297,90
train,rain_20,ss_20170417_1415-1430_day_20_251,90
train,rain_20,ss_20170417_1415-1430_day_20_074,90
train,rain_20,ss_20170417_1415-1430_day_20_080,90
train,rain_20,ss_20170417_1415-1430_day_20_210,90
train,rain_20,ss_20170417_1415-1430_day_20_243,90
train,rain_20,ss_20170417_1415-1430_day_20_291,90
train,rain_20,ss_20170417_1415-1430_day_20_268,90
train,rain_20,ss_20170417_1415-1430_day_20_269,90
train,rain_20,ss_20170417_1415-1430_day_20_242,90
train,rain_20,ss_20170417_1415-1430_day_20_079,90
train,rain_20,ss_20170417_1415-1430_day_20_203,90
train,rain_20,ss_20170417_1415-1430_day_20_035,90
train,rain_20,ss_20170417_1415-1430_day_20_228,90
train,rain_20,ss_20170417_1415-1430_day_20_068,90
train,rain_20,ss_20170417_1415-1430_day_20_094,90
train,rain_20,ss_20170417_1415-1430_day_20_021,90
train,rain_20,ss_20170417_1415-1430_day_20_023,90
train,rain_20,ss_20170417_1415-1430_day_20_039,90
train,rain_20,ss_20170417_1415-1430_day_20_085,90
train,rain_20,ss_20170417_1415-1430_day_20_296,90
train,rain_20,ss_20170417_1415-1430_day_20_073,90
train,rain_20,ss_20170417_1415-1430_day_20_278,90
train,rain_20,ss_20170417_1415-1430_day_20_041,90
train,rain_20,ss_20170417_1415-1430_day_20_225,90
train,rain_20,ss_20170417_1415-1430_day_20_286,90
train,rain_20,ss_20170417_1415-1430_day_20_088,90
train,rain_20,ss_20170417_1415-1430_day_20_084,90
train,rain_20,ss_20170417_1415-1430_day_20_030,90
train,rain_20,ss_20170417_1415-1430_day_20_212,90
train,rain_20,ss_20170417_1415-1430_day_20_003,90
train,rain_20,ss_20170417_1415-1430_day_20_058,90
train,rain_20,ss_20170417_1415-1430_day_20_028,90
train,rain_20,ss_20170417_1415-1430_day_20_289,90
train,rain_20,ss_20170417_1415-1430_day_20_081,90
train,rain_20,ss_20170417_1415-1430_day_20_224,90
train,rain_20,ss_20170417_1415-1430_day_20_253,90
train,rain_20,ss_20170417_1415-1430_day_20_270,90
train,rain_20,ss_20170417_1415-1430_day_20_043,90
train,rain_20,ss_20170417_1415-1430_day_20_260,90
train,rain_20,ss_20170417_1415-1430_day_20_009,90
train,rain_20,ss_20170417_1415-1430_day_20_099,90
train,rain_20,ss_20170417_1415-1430_day_20_252,90
train,rain_20,ss_20170417_1415-1430_day_20_098,90
train,rain_20,ss_20170417_1415-1430_day_20_254,90
train,rain_20,ss_20170417_1415-1430_day_20_063,90
train,rain_20,ss_20170417_1415-1430_day_20_054,90
train,rain_20,ss_20170417_1415-1430_day_20_018,90
train,rain_20,ss_20170417_1415-1430_day_20_290,90
train,rain_20,ss_20170417_1415-1430_day_20_037,90
train,rain_20,ss_20170417_1415-1430_day_20_226,90
train,rain_20,ss_20170417_1415-1430_day_20_042,90
train,rain_20,ss_20170417_1415-1430_day_20_004,90
train,rain_20,ss_20170417_1415-1430_day_20_020,90
train,rain_20,ss_20170417_1415-1430_day_20_052,90
train,rain_20,ss_20170417_1415-1430_day_20_247,90
train,rain_20,ss_20170417_1415-1430_day_20_044,90
train,rain_20,ss_20170417_1415-1430_day_20_040,90
train,rain_20,ss_20170417_1415-1430_day_20_026,90
train,rain_20,ss_20170417_1415-1430_day_20_239,90
train,rain_20,ss_20170417_1415-1430_day_20_282,90
train,rain_20,ss_20170417_1415-1430_day_20_086,90
train,rain_20,ss_20170417_1415-1430_day_20_258,90
train,rain_20,ss_20170417_1415-1430_day_20_216,90
train,rain_20,ss_20170417_1415-1430_day_20_255,90
train,rain_20,ss_20170417_1415-1430_day_20_215,90
train,rain_20,ss_20170417_1415-1430_day_20_019,90
train,rain_20,ss_20170417_1415-1430_day_20_234,90
train,rain_20,ss_20170417_1415-1430_day_20_015,90
train,rain_20,ss_20170417_1415-1430_day_20_007,90
train,rain_20,ss_20170417_1415-1430_day_20_266,90
train,rain_20,ss_20170417_1415-1430_day_20_002,90
train,rain_20,ss_20170417_1415-1430_day_20_295,90
train,rain_20,ss_20170417_1415-1430_day_20_283,90
train,rain_20,ss_20170417_1415-1430_day_20_246,90
train,rain_20,ss_20170417_1415-1430_day_20_211,90
train,rain_20,ss_20170417_1415-1430_day_20_096,90
train,rain_20,ss_20170417_1415-1430_day_20_069,90
train,rain_20,ss_20170417_1415-1430_day_20_097,90
train,rain_20,ss_20170417_1415-1430_day_20_045,90
train,rain_20,ss_20170417_1415-1430_day_20_075,90
train,rain_20,ss_20170417_1415-1430_day_20_249,90
train,rain_20,ss_20170417_1415-1430_day_20_244,90
train,rain_20,ss_20170417_1415-1430_day_20_000,90
train,rain_20,ss_20170417_1415-1430_day_20_064,90
train,rain_20,ss_20170417_1415-1430_day_20_236,90
train,rain_20,ss_20170417_1415-1430_day_20_071,90
train,rain_20,ss_20170417_1415-1430_day_20_095,90
train,rain_20,ss_20170417_1415-1430_day_20_263,90
train,rain_20,ss_20170417_1415-1430_day_20_230,90
train,rain_20,ss_20170417_1415-1430_day_20_231,90
train,rain_20,ss_20170417_1415-1430_day_20_279,90
train,rain_20,ss_20170417_1415-1430_day_20_010,90
train,rain_20,ss_20170417_1415-1430_day_20_256,90
train,rain_20,ss_20170417_1415-1430_day_20_017,90
train,rain_20,ss_20170417_1415-1430_day_20_013,90
train,rain_20,ss_20170417_1415-1430_day_20_257,90
train,rain_20,ss_20170417_1415-1430_day_20_238,90
train,rain_20,ss_20170417_1415-1430_day_20_277,90
train,rain_20,ss_20170417_1415-1430_day_20_213,90
train,rain_20,ss_20170417_1415-1430_day_20_078,90
train,rain_20,ss_20170417_1415-1430_day_20_047,90
train,rain_20,ss_20170417_1415-1430_day_20_292,90
train,rain_20,ss_20170417_1415-1430_day_20_235,90
train,rain_20,ss_20170417_1415-1430_day_20_032,90
train,rain_20,ss_20170417_1415-1430_day_20_065,90
train,rain_20,ss_20170417_1415-1430_day_20_016,90
train,rain_20,ss_20170417_1415-1430_day_20_223,90
train,rain_20,ss_20170417_1415-1430_day_20_275,90
train,rain_20,ss_20170417_1415-1430_day_20_001,90
train,rain_20,ss_20170417_1415-1430_day_20_091,90
train,rain_20,ss_20170417_1415-1430_day_20_219,90
train,rain_20,ss_20170417_1415-1430_day_20_077,90
train,rain_20,ss_20170417_1415-1430_day_20_288,90
train,rain_20,ss_20170417_1415-1430_day_20_232,90
train,rain_20,ss_20170417_1415-1430_day_20_048,90
train,rain_20,ss_20170417_1415-1430_day_20_034,90
train,rain_20,ss_20170417_1415-1430_day_20_200,90
train,rain_20,ss_20170417_1415-1430_day_20_293,90
train,rain_20,ss_20170417_1415-1430_day_20_250,90
train,rain_20,ss_20170417_1415-1430_day_20_027,90
train,rain_20,ss_20170417_1415-1430_day_20_287,90
train,rain_20,ss_20170417_1415-1430_day_20_202,90
train,rain_20,ss_20170417_1415-1430_day_20_012,90
train,rain_20,ss_20170417_1415-1430_day_20_006,90
train,rain_20,ss_20170417_1415-1430_day_20_060,90
train,rain_20,ss_20170417_1415-1430_day_20_061,90
train,rain_20,ss_20170417_1415-1430_day_20_280,90
train,rain_20,ss_20170417_1415-1430_day_20_206,90
train,rain_20,ss_20170417_1415-1430_day_20_229,90
train,rain_20,ss_20170417_1415-1430_day_20_267,90
train,rain_20,ss_20170417_1415-1430_day_20_011,90
train,rain_20,ss_20170417_1415-1430_day_20_089,90
train,rain_20,ss_20170417_1415-1430_day_20_062,90
train,rain_20,ss_20170417_1415-1430_day_20_067,90
train,rain_20,ss_20170417_1415-1430_day_20_082,90
train,rain_20,ss_20170417_1415-1430_day_20_049,90
train,rain_20,ss_20170417_1415-1430_day_20_025,90
train,rain_20,ss_20170417_1415-1430_day_20_070,90
train,rain_20,ss_20170417_1415-1430_day_20_217,90
train,rain_20,ss_20170417_1415-1430_day_20_092,90
train,rain_20,ss_20170417_1415-1430_day_20_005,90
train,rain_10,ss_20170417_1400-1415_day_10_093,90
train,rain_10,ss_20170417_1400-1415_day_10_229,90
train,rain_10,ss_20170417_1400-1415_day_10_268,90
train,rain_10,ss_20170417_1400-1415_day_10_023,90
train,rain_10,ss_20170417_1400-1415_day_10_036,90
train,rain_10,ss_20170417_1400-1415_day_10_002,90
train,rain_10,ss_20170417_1400-1415_day_10_014,90
train,rain_10,ss_20170417_1400-1415_day_10_280,90
train,rain_10,ss_20170417_1400-1415_day_10_031,90
train,rain_10,ss_20170417_1400-1415_day_10_080,90
train,rain_10,ss_20170417_1400-1415_day_10_226,90
train,rain_10,ss_20170417_1400-1415_day_10_022,90
train,rain_10,ss_20170417_1400-1415_day_10_005,90
train,rain_10,ss_20170417_1400-1415_day_10_077,90
train,rain_10,ss_20170417_1400-1415_day_10_213,90
train,rain_10,ss_20170417_1400-1415_day_10_270,90
train,rain_10,ss_20170417_1400-1415_day_10_262,90
train,rain_10,ss_20170417_1400-1415_day_10_084,90
train,rain_10,ss_20170417_1400-1415_day_10_227,90
train,rain_10,ss_20170417_1400-1415_day_10_233,90
train,rain_10,ss_20170417_1400-1415_day_10_298,90
train,rain_10,ss_20170417_1400-1415_day_10_099,90
train,rain_10,ss_20170417_1400-1415_day_10_277,90
train,rain_10,ss_20170417_1400-1415_day_10_039,90
train,rain_10,ss_20170417_1400-1415_day_10_083,90
train,rain_10,ss_20170417_1400-1415_day_10_202,90
train,rain_10,ss_20170417_1400-1415_day_10_075,90
train,rain_10,ss_20170417_1400-1415_day_10_244,90
train,rain_10,ss_20170417_1400-1415_day_10_091,90
train,rain_10,ss_20170417_1400-1415_day_10_296,90
train,rain_10,ss_20170417_1400-1415_day_10_204,90
train,rain_10,ss_20170417_1400-1415_day_10_209,90
train,rain_10,ss_20170417_1400-1415_day_10_081,90
train,rain_10,ss_20170417_1400-1415_day_10_224,90
train,rain_10,ss_20170417_1400-1415_day_10_272,90
train,rain_10,ss_20170417_1400-1415_day_10_241,90
train,rain_10,ss_20170417_1400-1415_day_10_034,90
train,rain_10,ss_20170417_1400-1415_day_10_068,90
train,rain_10,ss_20170417_1400-1415_day_10_221,90
train,rain_10,ss_20170417_1400-1415_day_10_090,90
train,rain_10,ss_20170417_1400-1415_day_10_048,90
train,rain_10,ss_20170417_1400-1415_day_10_252,90
train,rain_10,ss_20170417_1400-1415_day_10_024,90
train,rain_10,ss_20170417_1400-1415_day_10_017,90
train,rain_10,ss_20170417_1400-1415_day_10_074,90
train,rain_10,ss_20170417_1400-1415_day_10_211,90
train,rain_10,ss_20170417_1400-1415_day_10_242,90
train,rain_10,ss_20170417_1400-1415_day_10_098,90
train,rain_10,ss_20170417_1400-1415_day_10_285,90
train,rain_10,ss_20170417_1400-1415_day_10_287,90
train,rain_10,ss_20170417_1400-1415_day_10_251,90
train,rain_10,ss_20170417_1400-1415_day_10_293,90
train,rain_10,ss_20170417_1400-1415_day_10_045,90
train,rain_10,ss_20170417_1400-1415_day_10_254,90
train,rain_10,ss_20170417_1400-1415_day_10_239,90
train,rain_10,ss_20170417_1400-1415_day_10_097,90
train,rain_10,ss_20170417_1400-1415_day_10_291,90
train,rain_10,ss_20170417_1400-1415_day_10_253,90
train,rain_10,ss_20170417_1400-1415_day_10_059,90
train,rain_10,ss_20170417_1400-1415_day_10_288,90
train,rain_10,ss_20170417_1400-1415_day_10_021,90
train,rain_10,ss_20170417_1400-1415_day_10_261,90
train,rain_10,ss_20170417_1400-1415_day_10_042,90
train,rain_10,ss_20170417_1400-1415_day_10_009,90
train,rain_10,ss_20170417_1400-1415_day_10_006,90
train,rain_10,ss_20170417_1400-1415_day_10_020,90
train,rain_10,ss_20170417_1400-1415_day_10_015,90
train,rain_10,ss_20170417_1400-1415_day_10_003,90
train,rain_10,ss_20170417_1400-1415_day_10_007,90
train,rain_10,ss_20170417_1400-1415_day_10_046,90
train,rain_10,ss_20170417_1400-1415_day_10_275,90
train,rain_10,ss_20170417_1400-1415_day_10_222,90
train,rain_10,ss_20170417_1400-1415_day_10_264,90
train,rain_10,ss_20170417_1400-1415_day_10_215,90
train,rain_10,ss_20170417_1400-1415_day_10_008,90
train,rain_10,ss_20170417_1400-1415_day_10_236,90
train,rain_10,ss_20170417_1400-1415_day_10_203,90
train,rain_10,ss_20170417_1400-1415_day_10_067,90
train,rain_10,ss_20170417_1400-1415_day_10_092,90
train,rain_10,ss_20170417_1400-1415_day_10_240,90
train,rain_10,ss_20170417_1400-1415_day_10_057,90
train,rain_10,ss_20170417_1400-1415_day_10_256,90
train,rain_10,ss_20170417_1400-1415_day_10_219,90
train,rain_10,ss_20170417_1400-1415_day_10_096,90
train,rain_10,ss_20170417_1400-1415_day_10_212,90
train,rain_10,ss_20170417_1400-1415_day_10_297,90
train,rain_10,ss_20170417_1400-1415_day_10_299,90
train,rain_10,ss_20170417_1400-1415_day_10_037,90
train,rain_10,ss_20170417_1400-1415_day_10_055,90
train,rain_10,ss_20170417_1400-1415_day_10_032,90
train,rain_10,ss_20170417_1400-1415_day_10_056,90
train,rain_10,ss_20170417_1400-1415_day_10_200,90
train,rain_10,ss_20170417_1400-1415_day_10_282,90
train,rain_10,ss_20170417_1400-1415_day_10_284,90
train,rain_10,ss_20170417_1400-1415_day_10_025,90
train,rain_10,ss_20170417_1400-1415_day_10_243,90
train,rain_10,ss_20170417_1400-1415_day_10_234,90
train,rain_10,ss_20170417_1400-1415_day_10_047,90
train,rain_10,ss_20170417_1400-1415_day_10_247,90
train,rain_10,ss_20170417_1400-1415_day_10_076,90
train,rain_10,ss_20170417_1400-1415_day_10_274,90
train,rain_10,ss_20170417_1400-1415_day_10_276,90
train,rain_10,ss_20170417_1400-1415_day_10_000,90
train,rain_10,ss_20170417_1400-1415_day_10_064,90
train,rain_10,ss_20170417_1400-1415_day_10_281,90
train,rain_10,ss_20170417_1400-1415_day_10_040,90
train,rain_10,ss_20170417_1400-1415_day_10_225,90
train,rain_10,ss_20170417_1400-1415_day_10_269,90
train,rain_10,ss_20170417_1400-1415_day_10_089,90
train,rain_10,ss_20170417_1400-1415_day_10_258,90
train,rain_10,ss_20170417_1400-1415_day_10_246,90
train,rain_10,ss_20170417_1400-1415_day_10_011,90
train,rain_10,ss_20170417_1400-1415_day_10_060,90
train,rain_10,ss_20170417_1400-1415_day_10_257,90
train,rain_10,ss_20170417_1400-1415_day_10_035,90
train,rain_10,ss_20170417_1400-1415_day_10_255,90
train,rain_10,ss_20170417_1400-1415_day_10_043,90
train,rain_10,ss_20170417_1400-1415_day_10_207,90
train,rain_10,ss_20170417_1400-1415_day_10_062,90
train,rain_10,ss_20170417_1400-1415_day_10_217,90
train,rain_10,ss_20170417_1400-1415_day_10_214,90
train,rain_10,ss_20170417_1400-1415_day_10_271,90
train,rain_10,ss_20170417_1400-1415_day_10_249,90
train,rain_10,ss_20170417_1400-1415_day_10_016,90
train,rain_10,ss_20170417_1400-1415_day_10_279,90
train,rain_10,ss_20170417_1400-1415_day_10_237,90
train,rain_10,ss_20170417_1400-1415_day_10_201,90
train,rain_10,ss_20170417_1400-1415_day_10_082,90
train,rain_10,ss_20170417_1400-1415_day_10_073,90
train,rain_10,ss_20170417_1400-1415_day_10_263,90
train,rain_10,ss_20170417_1400-1415_day_10_283,90
train,rain_10,ss_20170417_1400-1415_day_10_010,90
train,rain_10,ss_20170417_1400-1415_day_10_079,90
train,rain_10,ss_20170417_1400-1415_day_10_259,90
train,rain_10,ss_20170417_1400-1415_day_10_029,90
train,rain_10,ss_20170417_1400-1415_day_10_033,90
train,rain_10,ss_20170417_1400-1415_day_10_094,90
train,rain_10,ss_20170417_1400-1415_day_10_216,90
train,rain_10,ss_20170417_1400-1415_day_10_223,90
train,rain_10,ss_20170417_1400-1415_day_10_095,90
train,rain_10,ss_20170417_1400-1415_day_10_078,90
train,rain_10,ss_20170417_1400-1415_day_10_250,90
train,rain_10,ss_20170417_1400-1415_day_10_245,90
train,rain_10,ss_20170417_1400-1415_day_10_066,90
train,rain_10,ss_20170417_1400-1415_day_10_051,90
train,rain_10,ss_20170417_1400-1415_day_10_069,90
train,rain_10,ss_20170417_1400-1415_day_10_205,90
train,rain_10,ss_20170417_1400-1415_day_10_038,90
train,rain_10,ss_20170417_1400-1415_day_10_085,90
train,rain_10,ss_20170417_1400-1415_day_10_260,90
train,rain_10,ss_20170417_1400-1415_day_10_004,90
train,rain_10,ss_20170417_1400-1415_day_10_273,90
train,rain_10,ss_20170417_1400-1415_day_10_208,90
train,rain_10,ss_20170417_1400-1415_day_10_235,90
train,rain_10,ss_20170417_1400-1415_day_10_001,90
train,rain_10,ss_20170417_1400-1415_day_10_026,90
train,rain_10,ss_20170417_1400-1415_day_10_018,90
train,rain_10,ss_20170417_1400-1415_day_10_220,90
train,rain_10,ss_20170417_1400-1415_day_10_013,90
train,rain_10,ss_20170417_1400-1415_day_10_058,90
train,rain_10,ss_20170417_1400-1415_day_10_071,90
train,rain_10,ss_20170417_1400-1415_day_10_028,90
train,rain_10,ss_20170417_1400-1415_day_10_248,90
train,rain_10,ss_20170417_1400-1415_day_10_088,90
train,rain_10,ss_20170417_1400-1415_day_10_053,90
train,rain_10,ss_20170417_1400-1415_day_10_087,90
train,rain_10,ss_20170417_1400-1415_day_10_052,90
train,rain_10,ss_20170417_1400-1415_day_10_206,90
train,rain_10,ss_20170417_1400-1415_day_10_295,90
train,rain_10,ss_20170417_1400-1415_day_10_086,90
train,rain_10,ss_20170417_1400-1415_day_10_267,90
train,rain_10,ss_20170417_1400-1415_day_10_041,90
train,rain_10,ss_20170417_1400-1415_day_10_231,90
train,rain_10,ss_20170417_1400-1415_day_10_054,90
train,rain_10,ss_20170417_1400-1415_day_10_265,90
train,rain_10,ss_20170417_1400-1415_day_10_072,90
train,rain_10,ss_20170417_1400-1415_day_10_027,90
train,rain_10,ss_20170417_1400-1415_day_10_230,90
train,rain_10,ss_20170417_1400-1415_day_10_286,90
train,rain_10,ss_20170417_1400-1415_day_10_061,90
train,rain_10,ss_20170417_1400-1415_day_10_290,90
train,rain_10,ss_20170417_1400-1415_day_10_266,90
train,rain_10,ss_20170417_1400-1415_day_10_063,90
train,rain_10,ss_20170417_1400-1415_day_10_050,90
train,rain_10,ss_20170417_1400-1415_day_10_065,90
train,rain_10,ss_20170417_1400-1415_day_10_289,90
train,rain_10,ss_20170417_1400-1415_day_10_044,90
train,rain_10,ss_20170417_1400-1415_day_10_238,90
train,rain_10,ss_20170417_1400-1415_day_10_232,90
train,rain_10,ss_20170417_1400-1415_day_10_049,90
train,rain_10,ss_20170417_1400-1415_day_10_012,90
train,rain_10,ss_20170417_1400-1415_day_10_070,90
train,rain_10,ss_20170417_1400-1415_day_10_210,90
train,rain_10,ss_20170417_1400-1415_day_10_019,90
train,rain_10,ss_20170417_1400-1415_day_10_218,90
train,rain_10,ss_20170417_1400-1415_day_10_030,90
train,rain_10,ss_20170417_1400-1415_day_10_278,90
train,rain_10,ss_20170417_1400-1415_day_10_228,90
train,rain_10,ss_20170417_1400-1415_day_10_292,90
train,rain_10,ss_20170417_1400-1415_day_10_294,90
train,rain_15,ss_20170417_1445-1500_day_15_204,90
train,rain_15,ss_20170417_1445-1500_day_15_056,90
train,rain_15,ss_20170417_1445-1500_day_15_042,90
train,rain_15,ss_20170417_1445-1500_day_15_095,90
train,rain_15,ss_20170417_1445-1500_day_15_046,90
train,rain_15,ss_20170417_1445-1500_day_15_257,90
train,rain_15,ss_20170417_1445-1500_day_15_099,90
train,rain_15,ss_20170417_1445-1500_day_15_297,90
train,rain_15,ss_20170417_1445-1500_day_15_226,90
train,rain_15,ss_20170417_1445-1500_day_15_084,90
train,rain_15,ss_20170417_1445-1500_day_15_017,90
train,rain_15,ss_20170417_1445-1500_day_15_263,90
train,rain_15,ss_20170417_1445-1500_day_15_281,90
train,rain_15,ss_20170417_1445-1500_day_15_073,90
train,rain_15,ss_20170417_1445-1500_day_15_268,90
train,rain_15,ss_20170417_1445-1500_day_15_030,90
train,rain_15,ss_20170417_1445-1500_day_15_282,90
train,rain_15,ss_20170417_1445-1500_day_15_200,90
train,rain_15,ss_20170417_1445-1500_day_15_009,90
train,rain_15,ss_20170417_1445-1500_day_15_061,90
train,rain_15,ss_20170417_1445-1500_day_15_072,90
train,rain_15,ss_20170417_1445-1500_day_15_096,90
train,rain_15,ss_20170417_1445-1500_day_15_020,90
train,rain_15,ss_20170417_1445-1500_day_15_291,90
train,rain_15,ss_20170417_1445-1500_day_15_279,90
train,rain_15,ss_20170417_1445-1500_day_15_044,90
train,rain_15,ss_20170417_1445-1500_day_15_087,90
train,rain_15,ss_20170417_1445-1500_day_15_203,90
train,rain_15,ss_20170417_1445-1500_day_15_021,90
train,rain_15,ss_20170417_1445-1500_day_15_235,90
train,rain_15,ss_20170417_1445-1500_day_15_293,90
train,rain_15,ss_20170417_1445-1500_day_15_068,90
train,rain_15,ss_20170417_1445-1500_day_15_058,90
train,rain_15,ss_20170417_1445-1500_day_15_022,90
train,rain_15,ss_20170417_1445-1500_day_15_207,90
train,rain_15,ss_20170417_1445-1500_day_15_062,90
train,rain_15,ss_20170417_1445-1500_day_15_028,90
train,rain_15,ss_20170417_1445-1500_day_15_029,90
train,rain_15,ss_20170417_1445-1500_day_15_216,90
train,rain_15,ss_20170417_1445-1500_day_15_059,90
train,rain_15,ss_20170417_1445-1500_day_15_008,90
train,rain_15,ss_20170417_1445-1500_day_15_083,90
train,rain_15,ss_20170417_1445-1500_day_15_214,90
train,rain_15,ss_20170417_1445-1500_day_15_247,90
train,rain_15,ss_20170417_1445-1500_day_15_231,90
train,rain_15,ss_20170417_1445-1500_day_15_254,90
train,rain_15,ss_20170417_1445-1500_day_15_091,90
train,rain_15,ss_20170417_1445-1500_day_15_295,90
train,rain_15,ss_20170417_1445-1500_day_15_015,90
train,rain_15,ss_20170417_1445-1500_day_15_242,90
train,rain_15,ss_20170417_1445-1500_day_15_276,90
train,rain_15,ss_20170417_1445-1500_day_15_290,90
train,rain_15,ss_20170417_1445-1500_day_15_081,90
train,rain_15,ss_20170417_1445-1500_day_15_289,90
train,rain_15,ss_20170417_1445-1500_day_15_229,90
train,rain_15,ss_20170417_1445-1500_day_15_074,90
train,rain_15,ss_20170417_1445-1500_day_15_053,90
train,rain_15,ss_20170417_1445-1500_day_15_225,90
train,rain_15,ss_20170417_1445-1500_day_15_286,90
train,rain_15,ss_20170417_1445-1500_day_15_082,90
train,rain_15,ss_20170417_1445-1500_day_15_264,90
train,rain_15,ss_20170417_1445-1500_day_15_269,90
train,rain_15,ss_20170417_1445-1500_day_15_012,90
train,rain_15,ss_20170417_1445-1500_day_15_241,90
train,rain_15,ss_20170417_1445-1500_day_15_233,90
train,rain_15,ss_20170417_1445-1500_day_15_066,90
train,rain_15,ss_20170417_1445-1500_day_15_201,90
train,rain_15,ss_20170417_1445-1500_day_15_223,90
train,rain_15,ss_20170417_1445-1500_day_15_246,90
train,rain_15,ss_20170417_1445-1500_day_15_261,90
train,rain_15,ss_20170417_1445-1500_day_15_088,90
train,rain_15,ss_20170417_1445-1500_day_15_253,90
train,rain_15,ss_20170417_1445-1500_day_15_032,90
train,rain_15,ss_20170417_1445-1500_day_15_098,90
train,rain_15,ss_20170417_1445-1500_day_15_287,90
train,rain_15,ss_20170417_1445-1500_day_15_208,90
train,rain_15,ss_20170417_1445-1500_day_15_013,90
train,rain_15,ss_20170417_1445-1500_day_15_063,90
train,rain_15,ss_20170417_1445-1500_day_15_025,90
train,rain_15,ss_20170417_1445-1500_day_15_026,90
train,rain_15,ss_20170417_1445-1500_day_15_250,90
train,rain_15,ss_20170417_1445-1500_day_15_051,90
train,rain_15,ss_20170417_1445-1500_day_15_275,90
train,rain_15,ss_20170417_1445-1500_day_15_094,90
train,rain_15,ss_20170417_1445-1500_day_15_243,90
train,rain_15,ss_20170417_1445-1500_day_15_237,90
train,rain_15,ss_20170417_1445-1500_day_15_014,90
train,rain_15,ss_20170417_1445-1500_day_15_299,56
train,rain_15,ss_20170417_1445-1500_day_15_065,90
train,rain_15,ss_20170417_1445-1500_day_15_071,90
train,rain_15,ss_20170417_1445-1500_day_15_092,90
train,rain_15,ss_20170417_1445-1500_day_15_069,90
train,rain_15,ss_20170417_1445-1500_day_15_249,90
train,rain_15,ss_20170417_1445-1500_day_15_255,90
train,rain_15,ss_20170417_1445-1500_day_15_236,90
train,rain_15,ss_20170417_1445-1500_day_15_272,90
train,rain_15,ss_20170417_1445-1500_day_15_090,90
train,rain_15,ss_20170417_1445-1500_day_15_238,90
train,rain_15,ss_20170417_1445-1500_day_15_266,90
train,rain_15,ss_20170417_1445-1500_day_15_078,90
train,rain_15,ss_20170417_1445-1500_day_15_244,90
train,rain_15,ss_20170417_1445-1500_day_15_210,90
train,rain_15,ss_20170417_1445-1500_day_15_064,90
train,rain_15,ss_20170417_1445-1500_day_15_031,90
train,rain_15,ss_20170417_1445-1500_day_15_222,90
train,rain_15,ss_20170417_1445-1500_day_15_003,90
train,rain_15,ss_20170417_1445-1500_day_15_052,90
train,rain_15,ss_20170417_1445-1500_day_15_019,90
train,rain_15,ss_20170417_1445-1500_day_15_076,90
train,rain_15,ss_20170417_1445-1500_day_15_258,90
train,rain_15,ss_20170417_1445-1500_day_15_011,90
train,rain_15,ss_20170417_1445-1500_day_15_278,90
train,rain_15,ss_20170417_1445-1500_day_15_220,90
train,rain_15,ss_20170417_1445-1500_day_15_033,90
train,rain_15,ss_20170417_1445-1500_day_15_274,90
train,rain_15,ss_20170417_1445-1500_day_15_001,90
train,rain_15,ss_20170417_1445-1500_day_15_018,90
train,rain_15,ss_20170417_1445-1500_day_15_294,90
train,rain_15,ss_20170417_1445-1500_day_15_202,90
train,rain_15,ss_20170417_1445-1500_day_15_037,90
train,rain_15,ss_20170417_1445-1500_day_15_209,90
train,rain_15,ss_20170417_1445-1500_day_15_089,90
train,rain_15,ss_20170417_1445-1500_day_15_067,90
train,rain_15,ss_20170417_1445-1500_day_15_023,90
train,rain_15,ss_20170417_1445-1500_day_15_230,90
train,rain_15,ss_20170417_1445-1500_day_15_055,90
train,rain_15,ss_20170417_1445-1500_day_15_224,90
train,rain_15,ss_20170417_1445-1500_day_15_284,90
train,rain_15,ss_20170417_1445-1500_day_15_265,90
train,rain_15,ss_20170417_1445-1500_day_15_251,90
train,rain_15,ss_20170417_1445-1500_day_15_005,90
train,rain_15,ss_20170417_1445-1500_day_15_039,90
train,rain_15,ss_20170417_1445-1500_day_15_205,90
train,rain_15,ss_20170417_1445-1500_day_15_221,90
train,rain_15,ss_20170417_1445-1500_day_15_219,90
train,rain_15,ss_20170417_1445-1500_day_15_040,90
train,rain_15,ss_20170417_1445-1500_day_15_079,90
train,rain_15,ss_20170417_1445-1500_day_15_057,90
train,rain_15,ss_20170417_1445-1500_day_15_260,90
train,rain_15,ss_20170417_1445-1500_day_15_298,90
train,rain_15,ss_20170417_1445-1500_day_15_043,90
train,rain_15,ss_20170417_1445-1500_day_15_234,90
train,rain_15,ss_20170417_1445-1500_day_15_217,90
train,rain_15,ss_20170417_1445-1500_day_15_227,90
train,rain_15,ss_20170417_1445-1500_day_15_211,90
train,rain_15,ss_20170417_1445-1500_day_15_213,90
train,rain_15,ss_20170417_1445-1500_day_15_248,90
train,rain_15,ss_20170417_1445-1500_day_15_283,90
train,rain_15,ss_20170417_1445-1500_day_15_075,90
train,rain_15,ss_20170417_1445-1500_day_15_280,90
train,rain_15,ss_20170417_1445-1500_day_15_252,90
train,rain_15,ss_20170417_1445-1500_day_15_296,90
train,rain_15,ss_20170417_1445-1500_day_15_027,90
train,rain_15,ss_20170417_1445-1500_day_15_093,90
train,rain_15,ss_20170417_1445-1500_day_15_024,90
train,rain_15,ss_20170417_1445-1500_day_15_077,90
train,rain_15,ss_20170417_1445-1500_day_15_035,90
train,rain_15,ss_20170417_1445-1500_day_15_206,90
train,rain_15,ss_20170417_1445-1500_day_15_050,90
train,rain_15,ss_20170417_1445-1500_day_15_085,90
train,rain_15,ss_20170417_1445-1500_day_15_006,90
train,rain_15,ss_20170417_1445-1500_day_15_292,90
train,rain_15,ss_20170417_1445-1500_day_15_007,90
train,rain_15,ss_20170417_1445-1500_day_15_267,90
train,rain_15,ss_20170417_1445-1500_day_15_000,90
train,rain_15,ss_20170417_1445-1500_day_15_240,90
train,rain_15,ss_20170417_1445-1500_day_15_004,90
train,rain_15,ss_20170417_1445-1500_day_15_271,90
train,rain_15,ss_20170417_1445-1500_day_15_045,90
train,rain_15,ss_20170417_1445-1500_day_15_047,90
train,rain_15,ss_20170417_1445-1500_day_15_016,90
train,rain_15,ss_20170417_1445-1500_day_15_215,90
train,rain_15,ss_20170417_1445-1500_day_15_060,90
train,rain_15,ss_20170417_1445-1500_day_15_034,90
train,rain_15,ss_20170417_1445-1500_day_15_285,90
train,rain_15,ss_20170417_1445-1500_day_15_038,90
train,rain_15,ss_20170417_1445-1500_day_15_270,90
train,rain_15,ss_20170417_1445-1500_day_15_262,90
train,rain_15,ss_20170417_1445-1500_day_15_002,90
train,rain_15,ss_20170417_1445-1500_day_15_054,90
train,rain_15,ss_20170417_1445-1500_day_15_010,90
train,rain_15,ss_20170417_1445-1500_day_15_277,90
train,rain_15,ss_20170417_1445-1500_day_15_070,90
train,rain_15,ss_20170417_1445-1500_day_15_212,90
train,rain_15,ss_20170417_1445-1500_day_15_259,90
train,rain_15,ss_20170417_1445-1500_day_15_086,90
train,rain_15,ss_20170417_1445-1500_day_15_041,90
train,rain_15,ss_20170417_1445-1500_day_15_097,90
train,rain_15,ss_20170417_1445-1500_day_15_239,90
train,rain_15,ss_20170417_1445-1500_day_15_273,90
train,rain_15,ss_20170417_1445-1500_day_15_080,90
train,rain_15,ss_20170417_1445-1500_day_15_218,90
train,rain_15,ss_20170417_1445-1500_day_15_228,90
train,rain_15,ss_20170417_1445-1500_day_15_036,90
train,rain_15,ss_20170417_1445-1500_day_15_245,90
train,rain_15,ss_20170417_1445-1500_day_15_232,90
train,rain_15,ss_20170417_1445-1500_day_15_288,90
train,rain_15,ss_20170417_1445-1500_day_15_049,90
train,rain_15,ss_20170417_1445-1500_day_15_048,90
train,rain_15,ss_20170417_1445-1500_day_15_256,90
train,rain_5,ss_20170417_1300-1315_day_5_223,90
train,rain_5,ss_20170417_1300-1315_day_5_283,90
train,rain_5,ss_20170417_1300-1315_day_5_040,90
train,rain_5,ss_20170417_1300-1315_day_5_233,90
train,rain_5,ss_20170417_1300-1315_day_5_064,90
train,rain_5,ss_20170417_1300-1315_day_5_250,90
train,rain_5,ss_20170417_1300-1315_day_5_287,90
train,rain_5,ss_20170417_1300-1315_day_5_051,90
train,rain_5,ss_20170417_1300-1315_day_5_076,90
train,rain_5,ss_20170417_1300-1315_day_5_292,90
train,rain_5,ss_20170417_1300-1315_day_5_042,90
train,rain_5,ss_20170417_1300-1315_day_5_212,90
train,rain_5,ss_20170417_1300-1315_day_5_002,90
train,rain_5,ss_20170417_1300-1315_day_5_217,90
train,rain_5,ss_20170417_1300-1315_day_5_272,90
train,rain_5,ss_20170417_1300-1315_day_5_041,90
train,rain_5,ss_20170417_1300-1315_day_5_234,90
train,rain_5,ss_20170417_1300-1315_day_5_083,90
train,rain_5,ss_20170417_1300-1315_day_5_297,90
train,rain_5,ss_20170417_1300-1315_day_5_207,90
train,rain_5,ss_20170417_1300-1315_day_5_058,90
train,rain_5,ss_20170417_1300-1315_day_5_298,90
train,rain_5,ss_20170417_1300-1315_day_5_081,90
train,rain_5,ss_20170417_1300-1315_day_5_260,90
train,rain_5,ss_20170417_1300-1315_day_5_014,90
train,rain_5,ss_20170417_1300-1315_day_5_273,90
train,rain_5,ss_20170417_1300-1315_day_5_228,90
train,rain_5,ss_20170417_1300-1315_day_5_295,90
train,rain_5,ss_20170417_1300-1315_day_5_071,90
train,rain_5,ss_20170417_1300-1315_day_5_034,90
train,rain_5,ss_20170417_1300-1315_day_5_003,90
train,rain_5,ss_20170417_1300-1315_day_5_291,90
train,rain_5,ss_20170417_1300-1315_day_5_210,90
train,rain_5,ss_20170417_1300-1315_day_5_080,90
train,rain_5,ss_20170417_1300-1315_day_5_010,90
train,rain_5,ss_20170417_1300-1315_day_5_289,90
train,rain_5,ss_20170417_1300-1315_day_5_054,90
train,rain_5,ss_20170417_1300-1315_day_5_097,90
train,rain_5,ss_20170417_1300-1315_day_5_209,90
train,rain_5,ss_20170417_1300-1315_day_5_220,90
train,rain_5,ss_20170417_1300-1315_day_5_099,90
train,rain_5,ss_20170417_1300-1315_day_5_055,90
train,rain_5,ss_20170417_1300-1315_day_5_299,90
train,rain_5,ss_20170417_1300-1315_day_5_290,90
train,rain_5,ss_20170417_1300-1315_day_5_060,90
train,rain_5,ss_20170417_1300-1315_day_5_017,90
train,rain_5,ss_20170417_1300-1315_day_5_007,90
train,rain_5,ss_20170417_1300-1315_day_5_088,90
train,rain_5,ss_20170417_1300-1315_day_5_284,90
train,rain_5,ss_20170417_1300-1315_day_5_269,90
train,rain_5,ss_20170417_1300-1315_day_5_265,90
train,rain_5,ss_20170417_1300-1315_day_5_214,90
train,rain_5,ss_20170417_1300-1315_day_5_200,90
train,rain_5,ss_20170417_1300-1315_day_5_066,90
train,rain_5,ss_20170417_1300-1315_day_5_070,90
train,rain_5,ss_20170417_1300-1315_day_5_252,90
train,rain_5,ss_20170417_1300-1315_day_5_087,90
train,rain_5,ss_20170417_1300-1315_day_5_026,90
train,rain_5,ss_20170417_1300-1315_day_5_045,90
train,rain_5,ss_20170417_1300-1315_day_5_243,90
train,rain_5,ss_20170417_1300-1315_day_5_053,90
train,rain_5,ss_20170417_1300-1315_day_5_047,90
train,rain_5,ss_20170417_1300-1315_day_5_229,90
train,rain_5,ss_20170417_1300-1315_day_5_248,90
train,rain_5,ss_20170417_1300-1315_day_5_024,90
train,rain_5,ss_20170417_1300-1315_day_5_271,90
train,rain_5,ss_20170417_1300-1315_day_5_067,90
train,rain_5,ss_20170417_1300-1315_day_5_093,90
train,rain_5,ss_20170417_1300-1315_day_5_215,90
train,rain_5,ss_20170417_1300-1315_day_5_079,90
train,rain_5,ss_20170417_1300-1315_day_5_281,90
train,rain_5,ss_20170417_1300-1315_day_5_036,90
train,rain_5,ss_20170417_1300-1315_day_5_089,90
train,rain_5,ss_20170417_1300-1315_day_5_057,90
train,rain_5,ss_20170417_1300-1315_day_5_246,90
train,rain_5,ss_20170417_1300-1315_day_5_224,90
train,rain_5,ss_20170417_1300-1315_day_5_211,90
train,rain_5,ss_20170417_1300-1315_day_5_231,90
train,rain_5,ss_20170417_1300-1315_day_5_059,90
train,rain_5,ss_20170417_1300-1315_day_5_242,90
train,rain_5,ss_20170417_1300-1315_day_5_038,90
train,rain_5,ss_20170417_1300-1315_day_5_095,90
train,rain_5,ss_20170417_1300-1315_day_5_077,90
train,rain_5,ss_20170417_1300-1315_day_5_261,90
train,rain_5,ss_20170417_1300-1315_day_5_208,90
train,rain_5,ss_20170417_1300-1315_day_5_020,90
train,rain_5,ss_20170417_1300-1315_day_5_216,90
train,rain_5,ss_20170417_1300-1315_day_5_065,90
train,rain_5,ss_20170417_1300-1315_day_5_025,90
train,rain_5,ss_20170417_1300-1315_day_5_032,90
train,rain_5,ss_20170417_1300-1315_day_5_266,90
train,rain_5,ss_20170417_1300-1315_day_5_288,90
train,rain_5,ss_20170417_1300-1315_day_5_035,90
train,rain_5,ss_20170417_1300-1315_day_5_048,90
train,rain_5,ss_20170417_1300-1315_day_5_096,90
train,rain_5,ss_20170417_1300-1315_day_5_063,90
train,rain_5,ss_20170417_1300-1315_day_5_279,90
train,rain_5,ss_20170417_1300-1315_day_5_031,90
train,rain_5,ss_20170417_1300-1315_day_5_061,90
train,rain_5,ss_20170417_1300-1315_day_5_276,90
train,rain_5,ss_20170417_1300-1315_day_5_253,90
train,rain_5,ss_20170417_1300-1315_day_5_091,90
train,rain_5,ss_20170417_1300-1315_day_5_240,90
train,rain_5,ss_20170417_1300-1315_day_5_000,90
train,rain_5,ss_20170417_1300-1315_day_5_033,90
train,rain_5,ss_20170417_1300-1315_day_5_257,90
train,rain_5,ss_20170417_1300-1315_day_5_296,90
train,rain_5,ss_20170417_1300-1315_day_5_219,90
train,rain_5,ss_20170417_1300-1315_day_5_072,90
train,rain_5,ss_20170417_1300-1315_day_5_256,90
train,rain_5,ss_20170417_1300-1315_day_5_075,90
train,rain_5,ss_20170417_1300-1315_day_5_241,90
train,rain_5,ss_20170417_1300-1315_day_5_285,90
train,rain_5,ss_20170417_1300-1315_day_5_293,90
train,rain_5,ss_20170417_1300-1315_day_5_013,90
train,rain_5,ss_20170417_1300-1315_day_5_221,90
train,rain_5,ss_20170417_1300-1315_day_5_012,90
train,rain_5,ss_20170417_1300-1315_day_5_090,90
train,rain_5,ss_20170417_1300-1315_day_5_251,90
train,rain_5,ss_20170417_1300-1315_day_5_018,90
train,rain_5,ss_20170417_1300-1315_day_5_204,90
train,rain_5,ss_20170417_1300-1315_day_5_009,90
train,rain_5,ss_20170417_1300-1315_day_5_236,90
train,rain_5,ss_20170417_1300-1315_day_5_254,90
train,rain_5,ss_20170417_1300-1315_day_5_068,90
train,rain_5,ss_20170417_1300-1315_day_5_247,90
train,rain_5,ss_20170417_1300-1315_day_5_263,90
train,rain_5,ss_20170417_1300-1315_day_5_249,90
train,rain_5,ss_20170417_1300-1315_day_5_084,90
train,rain_5,ss_20170417_1300-1315_day_5_280,90
train,rain_5,ss_20170417_1300-1315_day_5_039,90
train,rain_5,ss_20170417_1300-1315_day_5_004,90
train,rain_5,ss_20170417_1300-1315_day_5_037,90
train,rain_5,ss_20170417_1300-1315_day_5_078,90
train,rain_5,ss_20170417_1300-1315_day_5_259,90
train,rain_5,ss_20170417_1300-1315_day_5_086,90
train,rain_5,ss_20170417_1300-1315_day_5_262,90
train,rain_5,ss_20170417_1300-1315_day_5_028,90
train,rain_5,ss_20170417_1300-1315_day_5_011,90
train,rain_5,ss_20170417_1300-1315_day_5_270,90
train,rain_5,ss_20170417_1300-1315_day_5_052,90
train,rain_5,ss_20170417_1300-1315_day_5_258,90
train,rain_5,ss_20170417_1300-1315_day_5_092,90
train,rain_5,ss_20170417_1300-1315_day_5_030,90
train,rain_5,ss_20170417_1300-1315_day_5_226,90
train,rain_5,ss_20170417_1300-1315_day_5_005,90
train,rain_5,ss_20170417_1300-1315_day_5_205,90
train,rain_5,ss_20170417_1300-1315_day_5_008,90
train,rain_5,ss_20170417_1300-1315_day_5_046,90
train,rain_5,ss_20170417_1300-1315_day_5_255,90
train,rain_5,ss_20170417_1300-1315_day_5_213,90
train,rain_5,ss_20170417_1300-1315_day_5_069,90
train,rain_5,ss_20170417_1300-1315_day_5_230,90
train,rain_5,ss_20170417_1300-1315_day_5_286,90
train,rain_5,ss_20170417_1300-1315_day_5_245,90
train,rain_5,ss_20170417_1300-1315_day_5_268,90
train,rain_5,ss_20170417_1300-1315_day_5_023,90
train,rain_5,ss_20170417_1300-1315_day_5_015,90
train,rain_5,ss_20170417_1300-1315_day_5_264,90
train,rain_5,ss_20170417_1300-1315_day_5_232,90
train,rain_5,ss_20170417_1300-1315_day_5_282,90
train,rain_5,ss_20170417_1300-1315_day_5_201,90
train,rain_5,ss_20170417_1300-1315_day_5_206,90
train,rain_5,ss_20170417_1300-1315_day_5_019,90
train,rain_5,ss_20170417_1300-1315_day_5_050,90
train,rain_5,ss_20170417_1300-1315_day_5_001,90
train,rain_5,ss_20170417_1300-1315_day_5_082,90
train,rain_5,ss_20170417_1300-1315_day_5_222,90
train,rain_5,ss_20170417_1300-1315_day_5_049,90
train,rain_5,ss_20170417_1300-1315_day_5_237,90
train,rain_5,ss_20170417_1300-1315_day_5_274,90
train,rain_5,ss_20170417_1300-1315_day_5_016,90
train,rain_5,ss_20170417_1300-1315_day_5_227,90
train,rain_5,ss_20170417_1300-1315_day_5_203,90
train,rain_5,ss_20170417_1300-1315_day_5_073,90
train,rain_5,ss_20170417_1300-1315_day_5_006,90
train,rain_5,ss_20170417_1300-1315_day_5_277,90
train,rain_5,ss_20170417_1300-1315_day_5_085,90
train,rain_5,ss_20170417_1300-1315_day_5_022,90
train,rain_5,ss_20170417_1300-1315_day_5_238,90
train,rain_5,ss_20170417_1300-1315_day_5_056,90
train,rain_5,ss_20170417_1300-1315_day_5_021,90
train,rain_5,ss_20170417_1300-1315_day_5_235,90
train,rain_5,ss_20170417_1300-1315_day_5_062,90
train,rain_5,ss_20170417_1300-1315_day_5_043,90
train,rain_5,ss_20170417_1300-1315_day_5_275,90
train,rain_5,ss_20170417_1300-1315_day_5_218,90
train,rain_5,ss_20170417_1300-1315_day_5_294,90
train,rain_5,ss_20170417_1300-1315_day_5_098,90
train,rain_5,ss_20170417_1300-1315_day_5_239,90
train,rain_5,ss_20170417_1300-1315_day_5_029,90
train,rain_5,ss_20170417_1300-1315_day_5_027,90
train,rain_5,ss_20170417_1300-1315_day_5_202,90
train,rain_5,ss_20170417_1300-1315_day_5_267,90
train,rain_5,ss_20170417_1300-1315_day_5_044,90
train,rain_5,ss_20170417_1300-1315_day_5_074,90
train,rain_5,ss_20170417_1300-1315_day_5_094,90
train,rain_5,ss_20170417_1300-1315_day_5_225,90
train,rain_5,ss_20170417_1300-1315_day_5_278,90
train,rain_5,ss_20170417_1300-1315_day_5_244,90
test,rain_5_t,ss_20170417_1300-1315_day_5_162,90
test,rain_5_t,ss_20170417_1300-1315_day_5_197,90
test,rain_5_t,ss_20170417_1300-1315_day_5_154,90
test,rain_5_t,ss_20170417_1300-1315_day_5_174,90
test,rain_5_t,ss_20170417_1300-1315_day_5_177,90
test,rain_5_t,ss_20170417_1300-1315_day_5_189,90
test,rain_5_t,ss_20170417_1300-1315_day_5_183,90
test,rain_5_t,ss_20170417_1300-1315_day_5_163,90
test,rain_5_t,ss_20170417_1300-1315_day_5_171,90
test,rain_5_t,ss_20170417_1300-1315_day_5_192,90
test,rain_5_t,ss_20170417_1300-1315_day_5_181,90
test,rain_5_t,ss_20170417_1300-1315_day_5_156,90
test,rain_5_t,ss_20170417_1300-1315_day_5_176,90
test,rain_5_t,ss_20170417_1300-1315_day_5_178,90
test,rain_5_t,ss_20170417_1300-1315_day_5_187,90
test,rain_5_t,ss_20170417_1300-1315_day_5_157,90
test,rain_5_t,ss_20170417_1300-1315_day_5_198,90
test,rain_5_t,ss_20170417_1300-1315_day_5_193,90
test,rain_5_t,ss_20170417_1300-1315_day_5_167,90
test,rain_5_t,ss_20170417_1300-1315_day_5_158,90
test,rain_5_t,ss_20170417_1300-1315_day_5_159,90
test,rain_5_t,ss_20170417_1300-1315_day_5_172,90
test,rain_5_t,ss_20170417_1300-1315_day_5_164,90
test,rain_5_t,ss_20170417_1300-1315_day_5_166,90
test,rain_5_t,ss_20170417_1300-1315_day_5_180,90
test,rain_5_t,ss_20170417_1300-1315_day_5_161,90
test,rain_5_t,ss_20170417_1300-1315_day_5_195,90
test,rain_5_t,ss_20170417_1300-1315_day_5_190,90
test,rain_5_t,ss_20170417_1300-1315_day_5_155,90
test,rain_5_t,ss_20170417_1300-1315_day_5_185,90
test,rain_5_t,ss_20170417_1300-1315_day_5_194,90
test,rain_5_t,ss_20170417_1300-1315_day_5_170,90
test,rain_5_t,ss_20170417_1300-1315_day_5_196,90
test,rain_5_t,ss_20170417_1300-1315_day_5_184,90
test,rain_5_t,ss_20170417_1300-1315_day_5_165,90
test,rain_5_t,ss_20170417_1300-1315_day_5_151,90
test,rain_5_t,ss_20170417_1300-1315_day_5_153,90
test,rain_5_t,ss_20170417_1300-1315_day_5_182,90
test,rain_5_t,ss_20170417_1300-1315_day_5_160,90
test,rain_5_t,ss_20170417_1300-1315_day_5_175,90
test,rain_5_t,ss_20170417_1300-1315_day_5_191,90
test,rain_5_t,ss_20170417_1300-1315_day_5_152,90
test,rain_5_t,ss_20170417_1300-1315_day_5_173,90
test,rain_5_t,ss_20170417_1300-1315_day_5_168,90
test,rain_5_t,ss_20170417_1300-1315_day_5_199,90
test,rain_5_t,ss_20170417_1300-1315_day_5_179,90
test,rain_5_t,ss_20170417_1300-1315_day_5_188,90
test,rain_5_t,ss_20170417_1300-1315_day_5_169,90
test,rain_5_t,ss_20170417_1300-1315_day_5_150,90
test,rain_5_t,ss_20170417_1300-1315_day_5_186,90
test,rain_20_t,ss_20170417_1415-1430_day_20_193,90
test,rain_20_t,ss_20170417_1415-1430_day_20_181,90
test,rain_20_t,ss_20170417_1415-1430_day_20_160,90
test,rain_20_t,ss_20170417_1415-1430_day_20_186,90
test,rain_20_t,ss_20170417_1415-1430_day_20_165,90
test,rain_20_t,ss_20170417_1415-1430_day_20_176,90
test,rain_20_t,ss_20170417_1415-1430_day_20_168,90
test,rain_20_t,ss_20170417_1415-1430_day_20_198,90
test,rain_20_t,ss_20170417_1415-1430_day_20_150,90
test,rain_20_t,ss_20170417_1415-1430_day_20_194,90
test,rain_20_t,ss_20170417_1415-1430_day_20_173,90
test,rain_20_t,ss_20170417_1415-1430_day_20_185,90
test,rain_20_t,ss_20170417_1415-1430_day_20_177,90
test,rain_20_t,ss_20170417_1415-1430_day_20_196,90
test,rain_20_t,ss_20170417_1415-1430_day_20_171,90
test,rain_20_t,ss_20170417_1415-1430_day_20_182,90
test,rain_20_t,ss_20170417_1415-1430_day_20_162,90
test,rain_20_t,ss_20170417_1415-1430_day_20_155,90
test,rain_20_t,ss_20170417_1415-1430_day_20_187,90
test,rain_20_t,ss_20170417_1415-1430_day_20_169,90
test,rain_20_t,ss_20170417_1415-1430_day_20_179,90
test,rain_20_t,ss_20170417_1415-1430_day_20_197,90
test,rain_20_t,ss_20170417_1415-1430_day_20_175,90
test,rain_20_t,ss_20170417_1415-1430_day_20_167,90
test,rain_20_t,ss_20170417_1415-1430_day_20_166,90
test,rain_20_t,ss_20170417_1415-1430_day_20_174,90
test,rain_20_t,ss_20170417_1415-1430_day_20_178,90
test,rain_20_t,ss_20170417_1415-1430_day_20_180,90
test,rain_20_t,ss_20170417_1415-1430_day_20_156,90
test,rain_20_t,ss_20170417_1415-1430_day_20_152,90
test,rain_20_t,ss_20170417_1415-1430_day_20_191,90
test,rain_20_t,ss_20170417_1415-1430_day_20_157,90
test,rain_20_t,ss_20170417_1415-1430_day_20_158,90
test,rain_20_t,ss_20170417_1415-1430_day_20_192,90
test,rain_20_t,ss_20170417_1415-1430_day_20_189,90
test,rain_20_t,ss_20170417_1415-1430_day_20_172,90
test,rain_20_t,ss_20170417_1415-1430_day_20_164,90
test,rain_20_t,ss_20170417_1415-1430_day_20_154,90
test,rain_20_t,ss_20170417_1415-1430_day_20_151,90
test,rain_20_t,ss_20170417_1415-1430_day_20_153,90
test,rain_20_t,ss_20170417_1415-1430_day_20_159,90
test,rain_20_t,ss_20170417_1415-1430_day_20_170,90
test,rain_20_t,ss_20170417_1415-1430_day_20_199,90
test,rain_20_t,ss_20170417_1415-1430_day_20_188,90
test,rain_20_t,ss_20170417_1415-1430_day_20_190,90
test,rain_20_t,ss_20170417_1415-1430_day_20_163,90
test,rain_20_t,ss_20170417_1415-1430_day_20_161,90
test,rain_20_t,ss_20170417_1415-1430_day_20_184,90
test,rain_20_t,ss_20170417_1415-1430_day_20_183,90
test,rain_20_t,ss_20170417_1415-1430_day_20_195,90
test,rain_15_t,ss_20170417_1445-1500_day_15_152,90
test,rain_15_t,ss_20170417_1445-1500_day_15_160,90
test,rain_15_t,ss_20170417_1445-1500_day_15_188,90
test,rain_15_t,ss_20170417_1445-1500_day_15_195,90
test,rain_15_t,ss_20170417_1445-1500_day_15_184,90
test,rain_15_t,ss_20170417_1445-1500_day_15_176,90
test,rain_15_t,ss_20170417_1445-1500_day_15_192,90
test,rain_15_t,ss_20170417_1445-1500_day_15_163,90
test,rain_15_t,ss_20170417_1445-1500_day_15_154,90
test,rain_15_t,ss_20170417_1445-1500_day_15_165,90
test,rain_15_t,ss_20170417_1445-1500_day_15_166,90
test,rain_15_t,ss_20170417_1445-1500_day_15_178,90
test,rain_15_t,ss_20170417_1445-1500_day_15_187,90
test,rain_15_t,ss_20170417_1445-1500_day_15_162,90
test,rain_15_t,ss_20170417_1445-1500_day_15_190,90
test,rain_15_t,ss_20170417_1445-1500_day_15_172,90
test,rain_15_t,ss_20170417_1445-1500_day_15_168,90
test,rain_15_t,ss_20170417_1445-1500_day_15_157,90
test,rain_15_t,ss_20170417_1445-1500_day_15_156,90
test,rain_15_t,ss_20170417_1445-1500_day_15_151,90
test,rain_15_t,ss_20170417_1445-1500_day_15_191,90
test,rain_15_t,ss_20170417_1445-1500_day_15_171,90
test,rain_15_t,ss_20170417_1445-1500_day_15_153,90
test,rain_15_t,ss_20170417_1445-1500_day_15_186,90
test,rain_15_t,ss_20170417_1445-1500_day_15_194,90
test,rain_15_t,ss_20170417_1445-1500_day_15_173,90
test,rain_15_t,ss_20170417_1445-1500_day_15_175,90
test,rain_15_t,ss_20170417_1445-1500_day_15_183,90
test,rain_15_t,ss_20170417_1445-1500_day_15_185,90
test,rain_15_t,ss_20170417_1445-1500_day_15_189,90
test,rain_15_t,ss_20170417_1445-1500_day_15_181,90
test,rain_15_t,ss_20170417_1445-1500_day_15_155,90
test,rain_15_t,ss_20170417_1445-1500_day_15_177,90
test,rain_15_t,ss_20170417_1445-1500_day_15_196,90
test,rain_15_t,ss_20170417_1445-1500_day_15_193,90
test,rain_15_t,ss_20170417_1445-1500_day_15_199,90
test,rain_15_t,ss_20170417_1445-1500_day_15_159,90
test,rain_15_t,ss_20170417_1445-1500_day_15_174,90
test,rain_15_t,ss_20170417_1445-1500_day_15_197,90
test,rain_15_t,ss_20170417_1445-1500_day_15_164,90
test,rain_15_t,ss_20170417_1445-1500_day_15_167,90
test,rain_15_t,ss_20170417_1445-1500_day_15_198,90
test,rain_15_t,ss_20170417_1445-1500_day_15_180,90
test,rain_15_t,ss_20170417_1445-1500_day_15_170,90
test,rain_15_t,ss_20170417_1445-1500_day_15_158,90
test,rain_15_t,ss_20170417_1445-1500_day_15_182,90
test,rain_15_t,ss_20170417_1445-1500_day_15_179,90
test,rain_15_t,ss_20170417_1445-1500_day_15_169,90
test,rain_15_t,ss_20170417_1445-1500_day_15_150,90
test,rain_15_t,ss_20170417_1445-1500_day_15_161,90
test,rain_10_t,ss_20170417_1400-1415_day_10_183,90
test,rain_10_t,ss_20170417_1400-1415_day_10_179,90
test,rain_10_t,ss_20170417_1400-1415_day_10_177,90
test,rain_10_t,ss_20170417_1400-1415_day_10_161,90
test,rain_10_t,ss_20170417_1400-1415_day_10_186,90
test,rain_10_t,ss_20170417_1400-1415_day_10_173,90
test,rain_10_t,ss_20170417_1400-1415_day_10_182,90
test,rain_10_t,ss_20170417_1400-1415_day_10_170,90
test,rain_10_t,ss_20170417_1400-1415_day_10_172,90
test,rain_10_t,ss_20170417_1400-1415_day_10_151,90
test,rain_10_t,ss_20170417_1400-1415_day_10_180,90
test,rain_10_t,ss_20170417_1400-1415_day_10_188,90
test,rain_10_t,ss_20170417_1400-1415_day_10_174,90
test,rain_10_t,ss_20170417_1400-1415_day_10_154,90
test,rain_10_t,ss_20170417_1400-1415_day_10_160,90
test,rain_10_t,ss_20170417_1400-1415_day_10_194,90
test,rain_10_t,ss_20170417_1400-1415_day_10_156,90
test,rain_10_t,ss_20170417_1400-1415_day_10_155,90
test,rain_10_t,ss_20170417_1400-1415_day_10_176,90
test,rain_10_t,ss_20170417_1400-1415_day_10_193,90
test,rain_10_t,ss_20170417_1400-1415_day_10_191,90
test,rain_10_t,ss_20170417_1400-1415_day_10_198,90
test,rain_10_t,ss_20170417_1400-1415_day_10_171,90
test,rain_10_t,ss_20170417_1400-1415_day_10_190,90
test,rain_10_t,ss_20170417_1400-1415_day_10_168,90
test,rain_10_t,ss_20170417_1400-1415_day_10_162,90
test,rain_10_t,ss_20170417_1400-1415_day_10_164,90
test,rain_10_t,ss_20170417_1400-1415_day_10_163,90
test,rain_10_t,ss_20170417_1400-1415_day_10_192,90
test,rain_10_t,ss_20170417_1400-1415_day_10_165,90
test,rain_10_t,ss_20170417_1400-1415_day_10_175,90
test,rain_10_t,ss_20170417_1400-1415_day_10_181,90
test,rain_10_t,ss_20170417_1400-1415_day_10_189,90
test,rain_10_t,ss_20170417_1400-1415_day_10_184,90
test,rain_10_t,ss_20170417_1400-1415_day_10_195,90
test,rain_10_t,ss_20170417_1400-1415_day_10_152,90
test,rain_10_t,ss_20170417_1400-1415_day_10_157,90
test,rain_10_t,ss_20170417_1400-1415_day_10_178,90
test,rain_10_t,ss_20170417_1400-1415_day_10_166,90
test,rain_10_t,ss_20170417_1400-1415_day_10_196,90
test,rain_10_t,ss_20170417_1400-1415_day_10_169,90
test,rain_10_t,ss_20170417_1400-1415_day_10_159,90
test,rain_10_t,ss_20170417_1400-1415_day_10_185,90
test,rain_10_t,ss_20170417_1400-1415_day_10_153,90
test,rain_10_t,ss_20170417_1400-1415_day_10_187,90
test,rain_10_t,ss_20170417_1400-1415_day_10_150,90
test,rain_10_t,ss_20170417_1400-1415_day_10_158,90
test,rain_10_t,ss_20170417_1400-1415_day_10_167,90
test,rain_10_t,ss_20170417_1400-1415_day_10_199,90
test,rain_10_t,ss_20170417_1400-1415_day_10_197,90
test,rain_20,ss_20170417_1415-1430_day_20_124,90
test,rain_20,ss_20170417_1415-1430_day_20_131,90
test,rain_20,ss_20170417_1415-1430_day_20_108,90
test,rain_20,ss_20170417_1415-1430_day_20_142,90
test,rain_20,ss_20170417_1415-1430_day_20_143,90
test,rain_20,ss_20170417_1415-1430_day_20_136,90
test,rain_20,ss_20170417_1415-1430_day_20_130,90
test,rain_20,ss_20170417_1415-1430_day_20_106,90
test,rain_20,ss_20170417_1415-1430_day_20_128,90
test,rain_20,ss_20170417_1415-1430_day_20_102,90
test,rain_20,ss_20170417_1415-1430_day_20_101,90
test,rain_20,ss_20170417_1415-1430_day_20_141,90
test,rain_20,ss_20170417_1415-1430_day_20_116,90
test,rain_20,ss_20170417_1415-1430_day_20_105,90
test,rain_20,ss_20170417_1415-1430_day_20_129,90
test,rain_20,ss_20170417_1415-1430_day_20_140,90
test,rain_20,ss_20170417_1415-1430_day_20_123,90
test,rain_20,ss_20170417_1415-1430_day_20_132,90
test,rain_20,ss_20170417_1415-1430_day_20_117,90
test,rain_20,ss_20170417_1415-1430_day_20_139,90
test,rain_20,ss_20170417_1415-1430_day_20_103,90
test,rain_20,ss_20170417_1415-1430_day_20_146,90
test,rain_20,ss_20170417_1415-1430_day_20_113,90
test,rain_20,ss_20170417_1415-1430_day_20_127,90
test,rain_20,ss_20170417_1415-1430_day_20_126,90
test,rain_20,ss_20170417_1415-1430_day_20_134,90
test,rain_20,ss_20170417_1415-1430_day_20_100,90
test,rain_20,ss_20170417_1415-1430_day_20_137,90
test,rain_20,ss_20170417_1415-1430_day_20_107,90
test,rain_20,ss_20170417_1415-1430_day_20_122,90
test,rain_20,ss_20170417_1415-1430_day_20_144,90
test,rain_20,ss_20170417_1415-1430_day_20_114,90
test,rain_20,ss_20170417_1415-1430_day_20_112,90
test,rain_20,ss_20170417_1415-1430_day_20_119,90
test,rain_20,ss_20170417_1415-1430_day_20_109,90
test,rain_20,ss_20170417_1415-1430_day_20_135,90
test,rain_20,ss_20170417_1415-1430_day_20_125,90
test,rain_20,ss_20170417_1415-1430_day_20_121,90
test,rain_20,ss_20170417_1415-1430_day_20_110,90
test,rain_20,ss_20170417_1415-1430_day_20_133,90
test,rain_20,ss_20170417_1415-1430_day_20_120,90
test,rain_20,ss_20170417_1415-1430_day_20_104,90
test,rain_20,ss_20170417_1415-1430_day_20_147,90
test,rain_20,ss_20170417_1415-1430_day_20_138,90
test,rain_20,ss_20170417_1415-1430_day_20_115,90
test,rain_20,ss_20170417_1415-1430_day_20_145,90
test,rain_20,ss_20170417_1415-1430_day_20_148,90
test,rain_20,ss_20170417_1415-1430_day_20_118,90
test,rain_20,ss_20170417_1415-1430_day_20_111,90
test,rain_20,ss_20170417_1415-1430_day_20_149,90
test,rain_10,ss_20170417_1400-1415_day_10_101,90
test,rain_10,ss_20170417_1400-1415_day_10_142,90
test,rain_10,ss_20170417_1400-1415_day_10_102,90
test,rain_10,ss_20170417_1400-1415_day_10_145,90
test,rain_10,ss_20170417_1400-1415_day_10_103,90
test,rain_10,ss_20170417_1400-1415_day_10_118,90
test,rain_10,ss_20170417_1400-1415_day_10_125,90
test,rain_10,ss_20170417_1400-1415_day_10_141,90
test,rain_10,ss_20170417_1400-1415_day_10_132,90
test,rain_10,ss_20170417_1400-1415_day_10_127,90
test,rain_10,ss_20170417_1400-1415_day_10_149,90
test,rain_10,ss_20170417_1400-1415_day_10_114,90
test,rain_10,ss_20170417_1400-1415_day_10_104,90
test,rain_10,ss_20170417_1400-1415_day_10_106,90
test,rain_10,ss_20170417_1400-1415_day_10_117,90
test,rain_10,ss_20170417_1400-1415_day_10_100,90
test,rain_10,ss_20170417_1400-1415_day_10_112,90
test,rain_10,ss_20170417_1400-1415_day_10_146,90
test,rain_10,ss_20170417_1400-1415_day_10_108,90
test,rain_10,ss_20170417_1400-1415_day_10_119,90
test,rain_10,ss_20170417_1400-1415_day_10_129,90
test,rain_10,ss_20170417_1400-1415_day_10_115,90
test,rain_10,ss_20170417_1400-1415_day_10_148,90
test,rain_10,ss_20170417_1400-1415_day_10_137,90
test,rain_10,ss_20170417_1400-1415_day_10_109,90
test,rain_10,ss_20170417_1400-1415_day_10_134,90
test,rain_10,ss_20170417_1400-1415_day_10_126,90
test,rain_10,ss_20170417_1400-1415_day_10_144,90
test,rain_10,ss_20170417_1400-1415_day_10_130,90
test,rain_10,ss_20170417_1400-1415_day_10_140,90
test,rain_10,ss_20170417_1400-1415_day_10_120,90
test,rain_10,ss_20170417_1400-1415_day_10_135,90
test,rain_10,ss_20170417_1400-1415_day_10_133,90
test,rain_10,ss_20170417_1400-1415_day_10_123,90
test,rain_10,ss_20170417_1400-1415_day_10_138,90
test,rain_10,ss_20170417_1400-1415_day_10_147,90
test,rain_10,ss_20170417_1400-1415_day_10_131,90
test,rain_10,ss_20170417_1400-1415_day_10_107,90
test,rain_10,ss_20170417_1400-1415_day_10_139,90
test,rain_10,ss_20170417_1400-1415_day_10_136,90
test,rain_10,ss_20170417_1400-1415_day_10_121,90
test,rain_10,ss_20170417_1400-1415_day_10_105,90
test,rain_10,ss_20170417_1400-1415_day_10_124,90
test,rain_10,ss_20170417_1400-1415_day_10_116,90
test,rain_10,ss_20170417_1400-1415_day_10_122,90
test,rain_10,ss_20170417_1400-1415_day_10_111,90
test,rain_10,ss_20170417_1400-1415_day_10_110,90
test,rain_10,ss_20170417_1400-1415_day_10_113,90
test,rain_10,ss_20170417_1400-1415_day_10_143,90
test,rain_10,ss_20170417_1400-1415_day_10_128,90
test,rain_15,ss_20170417_1445-1500_day_15_142,90
test,rain_15,ss_20170417_1445-1500_day_15_110,90
test,rain_15,ss_20170417_1445-1500_day_15_125,90
test,rain_15,ss_20170417_1445-1500_day_15_144,90
test,rain_15,ss_20170417_1445-1500_day_15_108,90
test,rain_15,ss_20170417_1445-1500_day_15_149,90
test,rain_15,ss_20170417_1445-1500_day_15_101,90
test,rain_15,ss_20170417_1445-1500_day_15_109,90
test,rain_15,ss_20170417_1445-1500_day_15_131,90
test,rain_15,ss_20170417_1445-1500_day_15_100,90
test,rain_15,ss_20170417_1445-1500_day_15_148,90
test,rain_15,ss_20170417_1445-1500_day_15_116,90
test,rain_15,ss_20170417_1445-1500_day_15_121,90
test,rain_15,ss_20170417_1445-1500_day_15_123,90
test,rain_15,ss_20170417_1445-1500_day_15_128,90
test,rain_15,ss_20170417_1445-1500_day_15_135,90
test,rain_15,ss_20170417_1445-1500_day_15_102,90
test,rain_15,ss_20170417_1445-1500_day_15_133,90
test,rain_15,ss_20170417_1445-1500_day_15_115,90
test,rain_15,ss_20170417_1445-1500_day_15_105,90
test,rain_15,ss_20170417_1445-1500_day_15_114,90
test,rain_15,ss_20170417_1445-1500_day_15_127,90
test,rain_15,ss_20170417_1445-1500_day_15_103,90
test,rain_15,ss_20170417_1445-1500_day_15_107,90
test,rain_15,ss_20170417_1445-1500_day_15_104,90
test,rain_15,ss_20170417_1445-1500_day_15_138,90
test,rain_15,ss_20170417_1445-1500_day_15_120,90
test,rain_15,ss_20170417_1445-1500_day_15_126,90
test,rain_15,ss_20170417_1445-1500_day_15_136,90
test,rain_15,ss_20170417_1445-1500_day_15_145,90
test,rain_15,ss_20170417_1445-1500_day_15_124,90
test,rain_15,ss_20170417_1445-1500_day_15_118,90
test,rain_15,ss_20170417_1445-1500_day_15_146,90
test,rain_15,ss_20170417_1445-1500_day_15_112,90
test,rain_15,ss_20170417_1445-1500_day_15_132,90
test,rain_15,ss_20170417_1445-1500_day_15_139,90
test,rain_15,ss_20170417_1445-1500_day_15_119,90
test,rain_15,ss_20170417_1445-1500_day_15_106,90
test,rain_15,ss_20170417_1445-1500_day_15_143,90
test,rain_15,ss_20170417_1445-1500_day_15_111,90
test,rain_15,ss_20170417_1445-1500_day_15_130,90
test,rain_15,ss_20170417_1445-1500_day_15_122,90
test,rain_15,ss_20170417_1445-1500_day_15_134,90
test,rain_15,ss_20170417_1445-1500_day_15_137,90
test,rain_15,ss_20170417_1445-1500_day_15_141,90
test,rain_15,ss_20170417_1445-1500_day_15_140,90
test,rain_15,ss_20170417_1445-1500_day_15_129,90
test,rain_15,ss_20170417_1445-1500_day_15_113,90
test,rain_15,ss_20170417_1445-1500_day_15_147,90
test,rain_15,ss_20170417_1445-1500_day_15_117,90
test,rain_5,ss_20170417_1300-1315_day_5_137,90
test,rain_5,ss_20170417_1300-1315_day_5_136,90
test,rain_5,ss_20170417_1300-1315_day_5_128,90
test,rain_5,ss_20170417_1300-1315_day_5_141,90
test,rain_5,ss_20170417_1300-1315_day_5_132,90
test,rain_5,ss_20170417_1300-1315_day_5_123,90
test,rain_5,ss_20170417_1300-1315_day_5_133,90
test,rain_5,ss_20170417_1300-1315_day_5_131,90
test,rain_5,ss_20170417_1300-1315_day_5_101,90
test,rain_5,ss_20170417_1300-1315_day_5_146,90
test,rain_5,ss_20170417_1300-1315_day_5_110,90
test,rain_5,ss_20170417_1300-1315_day_5_134,90
test,rain_5,ss_20170417_1300-1315_day_5_114,90
test,rain_5,ss_20170417_1300-1315_day_5_147,90
test,rain_5,ss_20170417_1300-1315_day_5_105,90
test,rain_5,ss_20170417_1300-1315_day_5_115,90
test,rain_5,ss_20170417_1300-1315_day_5_145,90
test,rain_5,ss_20170417_1300-1315_day_5_122,90
test,rain_5,ss_20170417_1300-1315_day_5_126,90
test,rain_5,ss_20170417_1300-1315_day_5_102,90
test,rain_5,ss_20170417_1300-1315_day_5_144,90
test,rain_5,ss_20170417_1300-1315_day_5_135,90
test,rain_5,ss_20170417_1300-1315_day_5_129,90
test,rain_5,ss_20170417_1300-1315_day_5_143,90
test,rain_5,ss_20170417_1300-1315_day_5_124,90
test,rain_5,ss_20170417_1300-1315_day_5_108,90
test,rain_5,ss_20170417_1300-1315_day_5_127,90
test,rain_5,ss_20170417_1300-1315_day_5_119,90
test,rain_5,ss_20170417_1300-1315_day_5_139,90
test,rain_5,ss_20170417_1300-1315_day_5_106,90
test,rain_5,ss_20170417_1300-1315_day_5_121,90
test,rain_5,ss_20170417_1300-1315_day_5_107,90
test,rain_5,ss_20170417_1300-1315_day_5_138,90
test,rain_5,ss_20170417_1300-1315_day_5_140,90
test,rain_5,ss_20170417_1300-1315_day_5_113,90
test,rain_5,ss_20170417_1300-1315_day_5_109,90
test,rain_5,ss_20170417_1300-1315_day_5_142,90
test,rain_5,ss_20170417_1300-1315_day_5_100,90
test,rain_5,ss_20170417_1300-1315_day_5_120,90
test,rain_5,ss_20170417_1300-1315_day_5_125,90
test,rain_5,ss_20170417_1300-1315_day_5_111,90
test,rain_5,ss_20170417_1300-1315_day_5_116,90
test,rain_5,ss_20170417_1300-1315_day_5_104,90
test,rain_5,ss_20170417_1300-1315_day_5_117,90
test,rain_5,ss_20170417_1300-1315_day_5_130,90
test,rain_5,ss_20170417_1300-1315_day_5_103,90
test,rain_5,ss_20170417_1300-1315_day_5_148,90
test,rain_5,ss_20170417_1300-1315_day_5_118,90
test,rain_5,ss_20170417_1300-1315_day_5_149,90
test,rain_5,ss_20170417_1300-1315_day_5_112,90
